sheet_name,rows,cols,header_row_index,year_count,first_year,last_year,entity_row_count,sample_entities,top_entities_latest_year,has_growth_info,has_share_info
Contents,122,1,,0,,,0,[],[],False,False
Total Energy Supply (TES) -EJ,124,64,2.0,60,1965.0,2024.0,111,"['Canada', 'Mexico', 'US', 'Total North America', 'Argentina', 'Brazil', 'Chile', 'Colombia', 'Ecuador', 'Peru']","[{'entity': 'Total World', 'value': 592.2167427614952}, {'entity': 'Non-OECD', 'value': 374.40585677841466}, {'entity': 'Total Asia Pacific', 'value': 279.23931649652553}, {'entity': 'of which: OECD', 'value': 217.81088598308077}, {'entity': 'China', 'value': 158.88335297588344}]",True,True
TES by fuel,99,15,,0,,,0,[],[],False,False
TES per Capita,124,63,2.0,60,1965.0,2024.0,111,"['Canada', 'Mexico', 'US', 'Total North America', 'Argentina', 'Brazil', 'Chile', 'Colombia', 'Ecuador', 'Peru']","[{'entity': 'Iceland', 'value': 787.6481884060856}, {'entity': 'Qatar', 'value': 768.4975950190207}, {'entity': 'Singapore', 'value': 649.1911716226884}, {'entity': 'United Arab Emirates', 'value': 496.51150330045544}, {'entity': 'Kuwait', 'value': 382.95144049557183}]",True,False
CO2 from Energy,123,64,2.0,60,1965.0,2024.0,110,"['Canada', 'Mexico', 'US', 'Total North America', 'Argentina', 'Brazil', 'Chile', 'Colombia', 'Ecuador', 'Peru']","[{'entity': 'Total World', 'value': 35491.80171584641}, {'entity': 'Non-OECD', 'value': 24419.585094215065}, {'entity': 'Total Asia Pacific', 'value': 19065.673663713824}, {'entity': 'China', 'value': 11172.8455991745}, {'entity': 'of which: OECD', 'value': 11072.216621631364}]",True,True
Natural Gas Flaring,88,54,2.0,50,1975.0,2024.0,75,"['Canada', 'Mexico', 'US', 'Total North America', 'Argentina', 'Bolivia', 'Brazil', 'Colombia', 'Peru', 'Trinidad & Tobago']","[{'entity': 'Total World', 'value': 158.79116359037042}, {'entity': 'Non-OECD', 'value': 136.06982594005672}, {'entity': 'Total Middle East', 'value': 47.94363273374305}, {'entity': 'Total Africa', 'value': 32.779490608621266}, {'entity': 'Total CIS', 'value': 31.629846997040335}]",True,True
CO2 from Flaring,88,54,2.0,50,1975.0,2024.0,75,"['Canada', 'Mexico', 'US', 'Total North America', 'Argentina', 'Bolivia', 'Brazil', 'Colombia', 'Peru', 'Trinidad & Tobago']","[{'entity': 'Total World', 'value': 320.69463398711207}, {'entity': 'Non-OECD', 'value': 274.8066204685387}, {'entity': 'Total Middle East', 'value': 96.82696066906747}, {'entity': 'Total Africa', 'value': 66.2014592331715}, {'entity': 'Total CIS', 'value': 63.879638995222685}]",True,True
"CO2-Process Emissions, Methane",125,39,2.0,35,1990.0,2024.0,112,"['Canada', 'Mexico', 'US', 'Total North America', 'Argentina', 'Brazil', 'Chile', 'Colombia', 'Ecuador', 'Peru']","[{'entity': 'Total World', 'value': 4999.936053838658}, {'entity': 'Non-OECD', 'value': 4106.950212892722}, {'entity': 'Total Asia Pacific', 'value': 2181.4992145613137}, {'entity': 'China', 'value': 1355.7755425192463}, {'entity': 'of which: OECD', 'value': 892.9858409459387}]",True,True
CO2e Emissions ,112,39,2.0,35,1990.0,2024.0,100,"['Canada', 'Mexico', 'US', 'Total North America', 'Argentina', 'Brazil', 'Chile', 'Colombia', 'Ecuador', 'Peru']","[{'entity': 'Total World', 'value': 40812.43244649893}, {'entity': 'Non-OECD', 'value': 28801.341957615197}, {'entity': 'Total Asia Pacific', 'value': 21268.722956883237}, {'entity': 'China', 'value': 12533.39091014862}, {'entity': 'of which: OECD', 'value': 12011.09048888374}]",True,True
CCUS Capture Capacity,40,29,2.0,25,2000.0,2024.0,28,"['Canada', 'Mexico', 'US', 'Total North America', 'Brazil', 'Total S. & Cent. America', 'Norway', 'Other Europe', 'Total Europe', 'Russia']","[{'entity': 'Total World', 'value': 57.824}, {'entity': 'of which: OECD', 'value': 36.171}, {'entity': 'Total North America', 'value': 28.148}, {'entity': 'US', 'value': 24.136}, {'entity': 'Non-OECD', 'value': 21.653}]",True,True
Carbon Prices,18,10,,0,,,0,[],[],False,False
Oil - Proved reserves,103,8,,0,,,0,[],[],False,False
Oil - Proved reserves history,104,45,4.0,41,1980.0,2020.0,90,"['Canada', 'Mexico', 'US', 'Total North America', 'Argentina', 'Brazil', 'Colombia', 'Ecuador', 'Peru', 'Trinidad & Tobago']","[{'entity': 'USSR', 'value': nan}, {'entity': 'Total World', 'value': 1732.3661753656183}, {'entity': 'Non-OECD', 'value': 1472.403482093942}, {'entity': 'OPEC', 'value': 1214.669745}, {'entity': 'Total Middle East', 'value': 835.941691}]",True,True
Oil Production - barrels,90,64,2.0,60,1965.0,2024.0,79,"['Canada', 'Mexico', 'US', 'Total North America', 'Argentina', 'Brazil', 'Colombia', 'Ecuador', 'Guyana', 'Peru']","[{'entity': 'Total World', 'value': 96889.96880714301}, {'entity': 'Non-OECD', 'value': 64931.69362855822}, {'entity': 'Non-OPEC', 'value': 64091.92190885414}, {'entity': 'OPEC', 'value': 32798.04689828892}, {'entity': 'of which: OECD', 'value': 31958.275178584816}]",True,True
Oil Production - tonnes,90,64,2.0,60,1965.0,2024.0,78,"['Canada', 'Mexico', 'US', 'Total North America', 'Argentina', 'Brazil', 'Colombia', 'Ecuador', 'Guyana', 'Peru']","[{'entity': 'Total World', 'value': 4542.6526654354375}, {'entity': 'Non-OECD', 'value': 3106.626065459344}, {'entity': 'Non-OPEC', 'value': 2999.243275860708}, {'entity': 'OPEC', 'value': 1543.409389574731}, {'entity': 'of which: OECD', 'value': 1436.0265999760943}]",True,True
Crude+cond production - barrels,87,29,2.0,25,2000.0,2024.0,74,"['Canada', 'Mexico', 'US', 'Total North America', 'Argentina', 'Brazil', 'Colombia', 'Ecuador', 'Guyana', 'Peru']","[{'entity': 'Total World', 'value': 82788.47113747009}, {'entity': 'Non-OECD', 'value': 59043.15631320576}, {'entity': 'Non-OPEC', 'value': 53932.527084114125}, {'entity': 'OPEC', 'value': 28855.944053355943}, {'entity': 'Total Middle East', 'value': 26119.782900212478}]",True,True
NGLs production - barrels,86,29,2.0,25,2000.0,2024.0,75,"['Canada', 'Mexico', 'US', 'Total North America', 'Argentina', 'Brazil', 'Colombia', 'Ecuador', 'Guyana', 'Peru']","[{'entity': 'Total World', 'value': 14101.497669672955}, {'entity': 'Non-OPEC', 'value': 10159.39482473998}, {'entity': 'of which: OECD', 'value': 8212.960354320481}, {'entity': 'Total North America', 'value': 7845.913329205081}, {'entity': 'US', 'value': 6941.401639344263}]",True,True
Liquids Consumption - barrels,123,64,2.0,60,1965.0,2024.0,111,"['Canada', 'Mexico', 'US', 'Total North America', 'Argentina', 'Brazil', 'Chile', 'Colombia', 'Ecuador', 'Peru']","[{'entity': 'Total World', 'value': 104710.15670790983}, {'entity': 'Non-OECD', 'value': 58025.71386630011}, {'entity': 'of which: OECD', 'value': 46684.44284160956}, {'entity': 'Total Asia Pacific', 'value': 39037.311300176094}, {'entity': 'Total North America', 'value': 24588.42649393996}]",True,True
Oil Consumption - barrels,123,64,2.0,60,1965.0,2024.0,111,"['Canada', 'Mexico', 'US', 'Total North America', 'Argentina', 'Brazil', 'Chile', 'Colombia', 'Ecuador', 'Peru']","[{'entity': 'Total World', 'value': 101417.98875886263}, {'entity': 'Non-OECD', 'value': 56657.62680562601}, {'entity': 'of which: OECD', 'value': 44760.361953236585}, {'entity': 'Total Asia Pacific', 'value': 38436.066976577305}, {'entity': 'Total North America', 'value': 23181.507340751712}]",True,True
Oil Consumption - Tonnes,123,64,2.0,60,1965.0,2024.0,110,"['Canada', 'Mexico', 'US', 'Total North America', 'Argentina', 'Brazil', 'Chile', 'Colombia', 'Ecuador', 'Peru']","[{'entity': 'Total World', 'value': 4588.779566863233}, {'entity': 'Non-OECD', 'value': 2592.3314012961555}, {'entity': 'of which: OECD', 'value': 1996.448165567076}, {'entity': 'Total Asia Pacific', 'value': 1760.2975201230518}, {'entity': 'Total North America', 'value': 997.8592526023181}]",True,True
Oil Consumption - EJ,124,64,2.0,60,1965.0,2024.0,111,"['Canada', 'Mexico', 'US', 'Total North America', 'Argentina', 'Brazil', 'Chile', 'Colombia', 'Ecuador', 'Peru']","[{'entity': 'Total World', 'value': 199.05150387100002}, {'entity': 'Non-OECD', 'value': 111.81185494027159}, {'entity': 'of which: OECD', 'value': 87.23964893072844}, {'entity': 'Total Asia Pacific', 'value': 75.85253853649192}, {'entity': 'Total North America', 'value': 43.77171349525452}]",True,True
Oil - Regional Consumption,216,64,2.0,60,1965.0,2024.0,195,"['North America', 'Light distillates', 'of which: gasoline', 'of which: naphtha', 'Middle distillates', 'of which: diesel/gasoil', 'of which: jet/kerosene', 'Fuel oil', 'Others', 'of which: ethane and LPG']","[{'entity': 'North America', 'value': nan}, {'entity': 'Total North America', 'value': 23181.507340751712}, {'entity': 'Total Europe', 'value': 14128.090112526537}, {'entity': 'Light distillates', 'value': 9580.65658454332}, {'entity': 'of which: gasoline', 'value': 9360.982085924545}]",True,True
Spot crude prices,63,5,,0,,,0,[],[],False,False
Oil crude prices since 1861,174,4,,0,,,0,[],[],False,False
Oil refinery - throughput,108,49,2.0,45,1980.0,2024.0,97,"['Canada', 'Mexico', 'US', 'Total North America', 'Argentina', 'Brazil', 'Chile', 'Colombia', 'Curacao', 'Ecuador']","[{'entity': 'Total World', 'value': 82970.62675464498}, {'entity': 'Non-OECD', 'value': 46655.190043465926}, {'entity': 'of which: OECD', 'value': 36315.43671117905}, {'entity': 'Total Asia Pacific', 'value': 30490.845441033773}, {'entity': 'Total North America', 'value': 18870.707290881677}]",True,True
Oil refinery - capacity,108,64,2.0,60,1965.0,2024.0,97,"['Canada', 'Mexico', 'US', 'Total North America', 'Argentina', 'Brazil', 'Chile', 'Colombia', 'Curacao', 'Ecuador']","[{'entity': 'Total World', 'value': 104523.18375604993}, {'entity': 'Non-OECD', 'value': 60986.803071118404}, {'entity': 'of which: OECD', 'value': 43536.3806849315}, {'entity': 'Total Asia Pacific', 'value': 37689.70742191781}, {'entity': 'Total North America', 'value': 21927.999999999996}]",True,True
Oil - Regional refining margins,35,4,,0,,,0,[],[],False,False
Oil trade movements,36,49,2.0,45,1980.0,2024.0,33,"['Imports', 'US', 'Europe', 'China', 'India', 'Japan', 'Rest of World', 'Total World', 'Exports', 'Canada']","[{'entity': 'Imports', 'value': nan}, {'entity': 'Total World', 'value': 69438.04067224289}, {'entity': 'Exports', 'value': nan}, {'entity': 'Total World', 'value': 69438.04067224289}, {'entity': 'Rest of World', 'value': 24704.549762317703}]",True,True
Oil - Inter-area movements,55,17,,0,,,0,[],[],False,False
Oil - Trade movements in 23-24,56,9,,0,,,0,[],[],False,False
Gas - Proved reserves,95,8,,0,,,0,[],[],False,False
Gas - Proved reserves history,96,45,4.0,41,1980.0,2020.0,82,"['Canada', 'Mexico', 'US', 'Total North America', 'Argentina', 'Bolivia', 'Brazil', 'Colombia', 'Peru', 'Trinidad & Tobago']","[{'entity': 'Total World', 'value': 188.07422608745472}, {'entity': 'Russian Federation', 'value': 37.391524354530056}, {'entity': 'USSR', 'value': nan}, {'entity': 'Non-OECD', 'value': 167.79453220375}, {'entity': 'Total Middle East', 'value': 75.80692082396591}]",True,True
Gas Production - Bcm,89,59,2.0,55,1970.0,2024.0,76,"['Canada', 'Mexico', 'US', 'Total North America', 'Argentina', 'Bolivia', 'Brazil', 'Colombia', 'Peru', 'Trinidad & Tobago']","[{'entity': 'Total World', 'value': 4124.451625825785}, {'entity': 'Non-OECD', 'value': 2502.6452273649056}, {'entity': 'of which: OECD', 'value': 1621.8063984608796}, {'entity': 'Total North America', 'value': 1262.927405262908}, {'entity': 'US', 'value': 1033.0043940083526}]",True,True
Gas Production - bcf,88,59,2.0,55,1970.0,2024.0,76,"['Canada', 'Mexico', 'US', 'Total North America', 'Argentina', 'Bolivia', 'Brazil', 'Colombia', 'Peru', 'Trinidad & Tobago']","[{'entity': 'Total World', 'value': 397.9607022947551}, {'entity': 'Non-OECD', 'value': 241.47560515450292}, {'entity': 'of which: OECD', 'value': 156.48509714025215}, {'entity': 'Total North America', 'value': 121.85752743435108}, {'entity': 'US', 'value': 99.67268170609798}]",True,True
Gas Production - EJ,87,59,2.0,55,1970.0,2024.0,74,"['Canada', 'Mexico', 'US', 'Total North America', 'Argentina', 'Bolivia', 'Brazil', 'Colombia', 'Peru', 'Trinidad & Tobago']","[{'entity': 'Total World', 'value': 148.48025959161168}, {'entity': 'Non-OECD', 'value': 90.09522795119847}, {'entity': 'of which: OECD', 'value': 58.38503164041322}, {'entity': 'Total North America', 'value': 45.46538829803467}, {'entity': 'US', 'value': 37.18815994262695}]",True,True
Gas Consumption - Bcm,127,64,2.0,60,1965.0,2024.0,114,"['Canada', 'Mexico', 'US', 'Total North America', 'Argentina', 'Brazil', 'Chile', 'Colombia', 'Ecuador', 'Peru']","[{'entity': 'Total World', 'value': 4127.827067502332}, {'entity': 'Non-OECD', 'value': 2343.9541245637533}, {'entity': 'of which: OECD', 'value': 1783.8729429385778}, {'entity': 'Total North America', 'value': 1130.9891302836259}, {'entity': 'Total Asia Pacific', 'value': 972.6523457985247}]",True,True
Gas Consumption - Bcf,125,64,2.0,60,1965.0,2024.0,113,"['Canada', 'Mexico', 'US', 'Total North America', 'Argentina', 'Brazil', 'Chile', 'Colombia', 'Ecuador', 'Peru']","[{'entity': 'Total World', 'value': 398.2863924135922}, {'entity': 'Non-OECD', 'value': 226.1637944102002}, {'entity': 'of which: OECD', 'value': 172.12259800339197}, {'entity': 'Total North America', 'value': 109.12704752241832}, {'entity': 'Total Asia Pacific', 'value': 93.84942429652627}]",True,True
Gas Consumption - EJ,125,64,2.0,60,1965.0,2024.0,112,"['Canada', 'Mexico', 'US', 'Total North America', 'Argentina', 'Brazil', 'Chile', 'Colombia', 'Ecuador', 'Peru']","[{'entity': 'Total World', 'value': 148.6017727008002}, {'entity': 'Non-OECD', 'value': 84.38234740625194}, {'entity': 'of which: OECD', 'value': 64.21942529454827}, {'entity': 'Total North America', 'value': 40.71560788154602}, {'entity': 'Total Asia Pacific', 'value': 35.01548423944041}]",True,True
Gas - H2 Production Capacity,57,29,2.0,25,2000.0,2024.0,43,"['North America', 'Blue', 'Green', 'Total North America', 'S. & Cent. America', 'Blue', 'Green', 'Total S. & Cent. America', 'Europe', 'Blue']","[{'entity': 'North America', 'value': nan}, {'entity': 'Total North America', 'value': 2462.665749}, {'entity': 'S. & Cent. America', 'value': nan}, {'entity': 'Europe', 'value': nan}, {'entity': 'CIS', 'value': nan}]",True,True
Gas Prices ,56,19,,0,,,0,[],[],False,False
Gas - Trade movements,115,29,2.0,25,2000.0,2024.0,110,"['US', 'Pipeline imports', 'LNG imports', 'Total imports', 'Pipeline exports', 'LNG exports*', 'Total exports', 'Other North America', 'Pipeline imports', 'LNG imports']","[{'entity': 'US', 'value': nan}, {'entity': 'Total exports', 'value': 206.23788026354183}, {'entity': 'Other North America', 'value': nan}, {'entity': 'Brazil', 'value': nan}, {'entity': 'Other S&C America', 'value': nan}]",True,True
Gas - LNG imports bcm,44,29,2.0,25,2000.0,2024.0,40,"['Canada', 'Mexico', 'US', 'Total North America', 'Argentina', 'Brazil', 'Chile', 'Other S. & Cent. America', 'Total S. & Cent. America', 'Belgium']","[{'entity': 'Total World', 'value': 544.1164184795321}, {'entity': 'Total Asia Pacific', 'value': 375.4732289553738}, {'entity': 'Total Europe', 'value': 133.52162588089956}, {'entity': 'China', 'value': 105.1885969641741}, {'entity': 'Japan', 'value': 88.963372025}]",True,True
Gas - LNG exports bcm,38,29,2.0,25,2000.0,2024.0,34,"['US', 'Peru', 'Trinidad & Tobago', 'Other Americas*', 'Total Americas', 'Russian Federation', 'Norway', 'Other Europe*', 'Total Europe & CIS', 'Oman']","[{'entity': 'Total LNG exports', 'value': 544.1164184795322}, {'entity': 'Total Asia Pacific', 'value': 178.2165072372436}, {'entity': 'Total Middle East', 'value': 131.4585124543469}, {'entity': 'Total Americas', 'value': 130.55706514210817}, {'entity': 'US', 'value': 115.19612062293113}]",True,True
Gas trade 2024 - LNG,43,24,,0,,,0,[],[],False,False
Gas trade 2024 - pipeline,37,23,,0,,,0,[],[],False,False
Coal - Reserves,76,7,,0,,,0,[],[],False,False
Coal Production - mt,70,48,2.0,44,1981.0,2024.0,57,"['Canada', 'Mexico', 'US', 'Total North America', 'Brazil', 'Colombia', 'Venezuela', 'Other S. & Cent. America', 'Total S. & Cent. America', 'Bulgaria']","[{'entity': 'Total World', 'value': 9241.507281521403}, {'entity': 'Non-OECD', 'value': 7894.556284195925}, {'entity': 'Total Asia Pacific', 'value': 7417.092126322614}, {'entity': 'China', 'value': 4780.0}, {'entity': 'of which: OECD', 'value': 1346.9509973254765}]",True,True
Coal Production - EJ,70,48,2.0,44,1981.0,2024.0,57,"['Canada', 'Mexico', 'US', 'Total North America', 'Brazil', 'Colombia', 'Venezuela', 'Other S. & Cent. America', 'Total S. & Cent. America', 'Bulgaria']","[{'entity': 'Total World', 'value': 182.22597647216753}, {'entity': 'Non-OECD', 'value': 153.40361148999364}, {'entity': 'Total Asia Pacific', 'value': 146.38886741096212}, {'entity': 'China', 'value': 94.48208618164062}, {'entity': 'of which: OECD', 'value': 28.822364982173895}]",True,True
Coal Consumption - EJ,124,64,2.0,60,1965.0,2024.0,111,"['Canada', 'Mexico', 'US', 'Total North America', 'Argentina', 'Brazil', 'Chile', 'Colombia', 'Ecuador', 'Peru']","[{'entity': 'Total World', 'value': 165.06194323611277}, {'entity': 'Non-OECD', 'value': 140.6602840228207}, {'entity': 'Total Asia Pacific', 'value': 137.6276450403966}, {'entity': 'China', 'value': 92.15750122070312}, {'entity': 'of which: OECD', 'value': 24.401659213292078}]",True,True
Coal & Uranium - Prices,53,10,,0,,,0,[],[],False,False
Coal - Trade movements,39,29,2.0,25,2000.0,2024.0,35,"['Imports', 'Canada', 'Mexico', 'US', 'S. & Cent. America', 'Europe', 'CIS', 'Middle East', 'Africa', 'China']","[{'entity': 'Imports', 'value': nan}, {'entity': 'Total World', 'value': 35.99359895143211}, {'entity': 'Exports', 'value': nan}, {'entity': 'Total World', 'value': 35.99359895143211}, {'entity': 'China', 'value': 11.61644160218221}]",True,True
Coal trade movements 2024,22,15,,0,,,0,[],[],False,False
Nuclear Generation - TWh,122,64,2.0,60,1965.0,2024.0,109,"['Canada', 'Mexico', 'US', 'Total North America', 'Argentina', 'Brazil', 'Chile', 'Colombia', 'Ecuador', 'Peru']","[{'entity': 'Total World', 'value': 2817.452320594309}, {'entity': 'of which: OECD', 'value': 1881.010534451795}, {'entity': 'Non-OECD', 'value': 936.4417861425144}, {'entity': 'Total North America', 'value': 920.9104922010796}, {'entity': 'US', 'value': 823.1362336842104}]",True,True
Nuclear Consumption - EJ,124,64,2.0,60,1965.0,2024.0,110,"['Canada', 'Mexico', 'US', 'Total North America', 'Argentina', 'Brazil', 'Chile', 'Colombia', 'Ecuador', 'Peru']","[{'entity': 'Total World', 'value': 30.735843497392462}, {'entity': 'of which: OECD', 'value': 20.520114921292308}, {'entity': 'Non-OECD', 'value': 10.215728576100155}, {'entity': 'Total North America', 'value': 10.046296278557232}, {'entity': 'US', 'value': 8.97966800382775}]",True,True
Hydro Generation - TWh,122,64,2.0,60,1965.0,2024.0,109,"['Canada', 'Mexico', 'US', 'Total North America', 'Argentina', 'Brazil', 'Chile', 'Colombia', 'Ecuador', 'Peru']","[{'entity': 'Total World', 'value': 4452.908891420621}, {'entity': 'Non-OECD', 'value': 3013.851341233742}, {'entity': 'Total Asia Pacific', 'value': 1952.5987467532102}, {'entity': 'of which: OECD', 'value': 1439.057550186883}, {'entity': 'China', 'value': 1354.2542700000001}]",True,True
Hydro Consumption - EJ,124,64,2.0,60,1965.0,2024.0,111,"['Canada', 'Mexico', 'US', 'Total North America', 'Argentina', 'Brazil', 'Chile', 'Colombia', 'Ecuador', 'Peru']","[{'entity': 'Total World', 'value': 16.03047200911425}, {'entity': 'Non-OECD', 'value': 10.849864828441472}, {'entity': 'Total Asia Pacific', 'value': 7.029355488311558}, {'entity': 'of which: OECD', 'value': 5.180607180672778}, {'entity': 'China', 'value': 4.875315372000001}]",True,True
Renewables Consumption -EJ,124,64,2.0,60,1965.0,2024.0,111,"['Canada', 'Mexico', 'US', 'Total North America', 'Argentina', 'Brazil', 'Chile', 'Colombia', 'Ecuador', 'Peru']","[{'entity': 'Total World', 'value': 48.76567255498418}, {'entity': 'Non-OECD', 'value': 27.335635248944065}, {'entity': 'Total Asia Pacific', 'value': 21.86158448757194}, {'entity': 'of which: OECD', 'value': 21.430037306040155}, {'entity': 'China', 'value': 13.89880516319096}]",True,True
Renewable Power (inc hydro) -EJ,124,64,2.0,60,1965.0,2024.0,111,"['Canada', 'Mexico', 'US', 'Total North America', 'Argentina', 'Brazil', 'Chile', 'Colombia', 'Ecuador', 'Peru']","[{'entity': 'Total World', 'value': 43.84491068592833}, {'entity': 'Non-OECD', 'value': 25.29734685725427}, {'entity': 'Total Asia Pacific', 'value': 20.893571103624517}, {'entity': 'of which: OECD', 'value': 18.547563828674072}, {'entity': 'China', 'value': 13.764783324369562}]",True,True
Ren power (excl hydro) - EJ,124,64,2.0,60,1965.0,2024.0,111,"['Canada', 'Mexico', 'US', 'Total North America', 'Argentina', 'Brazil', 'Chile', 'Colombia', 'Ecuador', 'Peru']","[{'entity': 'Total World', 'value': 27.814438676814085}, {'entity': 'Non-OECD', 'value': 14.447482028812797}, {'entity': 'Total Asia Pacific', 'value': 13.864215615312958}, {'entity': 'of which: OECD', 'value': 13.366956648001294}, {'entity': 'China', 'value': 8.88946795236956}]",True,True
Renewable Power (inc hydro)-TWh,122,64,2.0,60,1965.0,2024.0,109,"['Canada', 'Mexico', 'US', 'Total North America', 'Argentina', 'Brazil', 'Chile', 'Colombia', 'Ecuador', 'Peru']","[{'entity': 'Total World', 'value': 9868.107092088634}, {'entity': 'Non-OECD', 'value': 5937.78869670645}, {'entity': 'Total Asia Pacific', 'value': 4723.728086213515}, {'entity': 'of which: OECD', 'value': 3930.3183953821836}, {'entity': 'China', 'value': 3398.830506164384}]",True,True
Ren power (excl hydro) - TWh,122,64,2.0,60,1965.0,2024.0,109,"['Canada', 'Mexico', 'US', 'Total North America', 'Argentina', 'Brazil', 'Chile', 'Colombia', 'Ecuador', 'Peru']","[{'entity': 'Total World', 'value': 5415.198200668012}, {'entity': 'Non-OECD', 'value': 2923.937355472707}, {'entity': 'Total Asia Pacific', 'value': 2771.129339460305}, {'entity': 'of which: OECD', 'value': 2491.2608451953006}, {'entity': 'China', 'value': 2044.5762361643838}]",True,True
Renewables Generation by Source,120,16,,0,,,0,[],[],False,False
Solar Generation - TWh,122,64,2.0,60,1965.0,2024.0,109,"['Canada', 'Mexico', 'US', 'Total North America', 'Argentina', 'Brazil', 'Chile', 'Colombia', 'Ecuador', 'Peru']","[{'entity': 'Total World', 'value': 2111.733332560801}, {'entity': 'Total Asia Pacific', 'value': 1220.3040802560972}, {'entity': 'Non-OECD', 'value': 1213.6372135279416}, {'entity': 'of which: OECD', 'value': 898.0961190328597}, {'entity': 'China', 'value': 839.04}]",True,True
Solar Consumption - EJ,124,64,2.0,60,1965.0,2024.0,111,"['Canada', 'Mexico', 'US', 'Total North America', 'Argentina', 'Brazil', 'Chile', 'Colombia', 'Ecuador', 'Peru']","[{'entity': 'Total World', 'value': 7.717720673937436}, {'entity': 'Non-OECD', 'value': 4.397427195686656}, {'entity': 'Total Asia Pacific', 'value': 4.396394901109592}, {'entity': 'of which: OECD', 'value': 3.320293478250778}, {'entity': 'China', 'value': 3.020695814088115}]",True,True
Solar Installed Capacity,83,29,3.0,25,2000.0,2024.0,71,"['Canada', 'Mexico', 'US', 'Total North America', 'Argentina', 'Brazil', 'Chile', 'Honduras', 'The Dominican Republic', 'Other S. & Cent. America']","[{'entity': 'Total World', 'value': 1865489.9540000004}, {'entity': 'Total Asia Pacific', 'value': 1192467.5990000002}, {'entity': 'China', 'value': 887929.8}, {'entity': 'Total Europe', 'value': 358128.11100000003}, {'entity': 'Total North America', 'value': 195567.82}]",False,False
Wind Generation - TWh,122,64,2.0,60,1965.0,2024.0,109,"['Canada', 'Mexico', 'US', 'Total North America', 'Argentina', 'Brazil', 'Chile', 'Colombia', 'Ecuador', 'Peru']","[{'entity': 'Total World', 'value': 2511.030708875595}, {'entity': 'Non-OECD', 'value': 1308.1718131729365}, {'entity': 'of which: OECD', 'value': 1202.8588957026577}, {'entity': 'Total Asia Pacific', 'value': 1163.3835850667297}, {'entity': 'China', 'value': 997.0400000000001}]",True,True
Wind Consumption - EJ,124,64,2.0,60,1965.0,2024.0,111,"['Canada', 'Mexico', 'US', 'Total North America', 'Argentina', 'Brazil', 'Chile', 'Colombia', 'Ecuador', 'Peru']","[{'entity': 'Total World', 'value': 9.039710551952146}, {'entity': 'Non-OECD', 'value': 4.709418527422574}, {'entity': 'of which: OECD', 'value': 4.330292024529569}, {'entity': 'Total Asia Pacific', 'value': 4.188180906240227}, {'entity': 'China', 'value': 3.589344}]",True,True
Wind Installed Capacity,76,32,3.0,28,1997.0,2024.0,64,"['Canada', 'Mexico', 'US', 'Total North America', 'Argentina', 'Brazil', 'Chile', 'Costa Rica', 'Uruguay', 'Other S. & Cent. America']","[{'entity': 'Total World', 'value': 1134758.0239999997}, {'entity': 'Total Asia Pacific', 'value': 610569.823}, {'entity': 'China', 'value': 521745.71}, {'entity': 'Total Europe', 'value': 283684.9709999999}, {'entity': 'Total North America', 'value': 178846.299}]",True,True
Wind and Solar Technology Types,86,15,,0,,,0,[],[],False,False
Geo Biomass Other - TWh,122,64,2.0,60,1965.0,2024.0,109,"['Canada', 'Mexico', 'US', 'Total North America', 'Argentina', 'Brazil', 'Chile', 'Colombia', 'Ecuador', 'Peru']","[{'entity': 'Total World', 'value': 792.4341592316111}, {'entity': 'Non-OECD', 'value': 402.1283287718282}, {'entity': 'of which: OECD', 'value': 390.30583045978346}, {'entity': 'Total Asia Pacific', 'value': 387.4416741374771}, {'entity': 'Total Europe', 'value': 223.4914003854701}]",True,True
Geo Biomass Other - EJ,124,64,2.0,60,1965.0,2024.0,111,"['Canada', 'Mexico', 'US', 'Total North America', 'Argentina', 'Brazil', 'Chile', 'Colombia', 'Ecuador', 'Peru']","[{'entity': 'Total World', 'value': 11.057007450924496}, {'entity': 'of which: OECD', 'value': 5.716371145220945}, {'entity': 'Non-OECD', 'value': 5.34063630570355}, {'entity': 'Total Asia Pacific', 'value': 5.279639807963122}, {'entity': 'Total Europe', 'value': 3.021489440264576}]",True,True
Biofuels production - kboed,87,39,2.0,35,1990.0,2024.0,72,"['Canada', 'Mexico', 'US', 'Total North America', 'Argentina', 'Brazil', 'Colombia', 'Other S. & Cent. America', 'Total S. & Cent. America', 'Austria']","[{'entity': 'Total World', 'value': 2289.734790086542}, {'entity': 'of which: OECD', 'value': 1224.0447425961718}, {'entity': 'Non-OECD', 'value': 1065.6900474903698}, {'entity': 'Biofuels production by fuel type', 'value': nan}, {'entity': 'Biogasoline', 'value': nan}]",True,True
Biofuels production - PJ,87,39,2.0,35,1990.0,2024.0,72,"['Canada', 'Mexico', 'US', 'Total North America', 'Argentina', 'Brazil', 'Colombia', 'Other S. & Cent. America', 'Total S. & Cent. America', 'Austria']","[{'entity': 'Total World', 'value': 5128.25618805972}, {'entity': 'of which: OECD', 'value': 2741.4594270297707}, {'entity': 'Non-OECD', 'value': 2386.7967610299484}, {'entity': 'Biofuels production by fuel type', 'value': nan}, {'entity': 'Biogasoline', 'value': nan}]",True,True
Biofuels Consumption - kboed,88,39,2.0,35,1990.0,2024.0,72,"['Canada', 'Mexico', 'US', 'Total North America', 'Argentina', 'Brazil', 'Colombia', 'Other S. & Cent. America', 'Total S. & Cent. America', 'Austria']","[{'entity': 'Total World', 'value': 2183.2602478550534}, {'entity': 'of which: OECD', 'value': 1287.0066472096487}, {'entity': 'Total North America', 'value': 899.234809325621}, {'entity': 'Non-OECD', 'value': 896.2536006454061}, {'entity': 'Biofuels consumption by fuel type', 'value': nan}]",True,True
Biofuels consumption - PJ,88,39,2.0,35,1990.0,2024.0,72,"['Canada', 'Mexico', 'US', 'Total North America', 'Argentina', 'Brazil', 'Colombia', 'Other S. & Cent. America', 'Total S. & Cent. America', 'Austria']","[{'entity': 'Total World', 'value': 4889.788077065599}, {'entity': 'of which: OECD', 'value': 2882.4734773660916}, {'entity': 'Total North America', 'value': 2013.9915309879723}, {'entity': 'Non-OECD', 'value': 2007.3145996995097}, {'entity': 'Biofuels consumption by fuel type', 'value': nan}]",True,True
Electricity Generation - TWh,119,44,2.0,40,1985.0,2024.0,106,"['Canada', 'Mexico', 'US', 'Total North America', 'Argentina', 'Brazil', 'Chile', 'Colombia', 'Ecuador', 'Peru']","[{'entity': 'Total World', 'value': 31255.91438444392}, {'entity': 'Non-OECD', 'value': 19806.1840921096}, {'entity': 'Total Asia Pacific', 'value': 16132.35111972445}, {'entity': 'of which: OECD', 'value': 11449.73029233431}, {'entity': 'China', 'value': 10086.880000000001}]",True,True
Elec generation by fuel,63,17,,0,,,0,[],[],False,False
Oil inputs - Elec generation ,65,44,2.0,40,1985.0,2024.0,52,"['Canada', 'Mexico', 'US', 'Total North America', 'Argentina', 'Brazil', 'Other S. & Cent. America', 'Total S. & Cent. America', 'France', 'Germany']","[{'entity': 'Total World', 'value': 694.6869783928956}, {'entity': 'Non-OECD', 'value': 553.517199640096}, {'entity': 'Total Middle East', 'value': 324.4212362149595}, {'entity': 'Saudi Arabia', 'value': 156.8444469486441}, {'entity': 'of which: OECD', 'value': 141.1697787527992}]",True,True
Gas inputs - Elec generation,65,44,2.0,40,1985.0,2024.0,52,"['Canada', 'Mexico', 'US', 'Total North America', 'Argentina', 'Brazil', 'Other S. & Cent. America', 'Total S. & Cent. America', 'France', 'Germany']","[{'entity': 'Total World', 'value': 7001.219345804347}, {'entity': 'of which: OECD', 'value': 3532.2380938789015}, {'entity': 'Non-OECD', 'value': 3468.981251925446}, {'entity': 'Total North America', 'value': 2335.884441998345}, {'entity': 'US', 'value': 2005.2406559139783}]",True,True
Coal inputs - Elec generation ,65,44,2.0,40,1985.0,2024.0,52,"['Canada', 'Mexico', 'US', 'Total North America', 'Argentina', 'Brazil', 'Other S. & Cent. America', 'Total S. & Cent. America', 'France', 'Germany']","[{'entity': 'Total World', 'value': 10613.247022143954}, {'entity': 'Non-OECD', 'value': 8805.620746737684}, {'entity': 'Total Asia Pacific', 'value': 8776.034418102072}, {'entity': 'China', 'value': 5827.603429425378}, {'entity': 'of which: OECD', 'value': 1807.6262754062705}]",True,True
Other inputs - Elec generation,65,44,2.0,40,1985.0,2024.0,52,"['Canada', 'Mexico', 'US', 'Total North America', 'Argentina', 'Brazil', 'Other S. & Cent. America', 'Total S. & Cent. America', 'France', 'Germany']","[{'entity': 'Total World', 'value': 261.2016256406798}, {'entity': 'of which: OECD', 'value': 157.36721446236464}, {'entity': 'Total Asia Pacific', 'value': 151.30241277549743}, {'entity': 'Non-OECD', 'value': 103.8344111783151}, {'entity': 'Total Europe', 'value': 85.4911649058602}]",True,True
Grid Scale BESS Capacity,42,16,2.0,12,2013.0,2024.0,30,"['Canada', 'Mexico', 'US', 'Total North America', 'Chile', 'Other S. & Cent. America', 'Total S. & Cent. America', 'Germany', 'Ireland', 'United Kingdom']","[{'entity': 'Total World', 'value': 126.14013344085248}, {'entity': 'Total Asia Pacific', 'value': 85.1938483260428}, {'entity': 'Non-OECD', 'value': 78.56893832902287}, {'entity': 'China', 'value': 75.2033983314862}, {'entity': 'of which: OECD', 'value': 47.57119511182961}]",True,True
Cobalt P-R,22,38,2.0,30,1995.0,2024.0,18,"['Australia', 'Canada', 'China', 'DR Congo', 'Cuba', 'Madagascar', 'Morocco', 'New Caledonia', 'Papua New Guinea', 'Philippines']","[{'entity': 'Total World', 'value': 270.8159592890995}, {'entity': 'DR Congo', 'value': 200.779}, {'entity': 'Rest of World', 'value': 34.087}, {'entity': 'Russian Federation', 'value': 8.7}, {'entity': 'Canada', 'value': 4.5}]",True,True
Lithium P-R,17,38,2.0,30,1995.0,2024.0,13,"['Argentina', 'Australia', 'Brazil', 'Chile', 'China', 'Portugal', 'US', 'Zimbabwe', 'Rest of World', 'Total World']","[{'entity': 'Total World', 'value': 244.63680067818197}, {'entity': 'Australia', 'value': 88.0}, {'entity': 'Chile', 'value': 56.92843434782608}, {'entity': 'China', 'value': 40.99999999999999}, {'entity': 'Zimbabwe', 'value': 22.0}]",True,True
Natural Graphite P-R,22,38,2.0,30,1995.0,2024.0,18,"['Brazil1', 'Canada', 'China', 'India2', 'Madagascar', 'Mexico', 'Mozambique', 'Norway', 'Russian Federation', 'Sri Lanka']","[{'entity': 'Total World', 'value': 1728.3220000000001}, {'entity': 'China', 'value': 1270.0}, {'entity': 'India2', 'value': 116.37899999999999}, {'entity': 'Madagascar', 'value': 89.0}, {'entity': 'Rest of World', 'value': 71.068}]",True,True
Rare Earth metals P-R,19,38,2.0,30,1995.0,2024.0,15,"['Australia', 'Brazil', 'China', 'India', 'Madagascar', 'Russian Federation', 'Thailand', 'US', 'Rest of World', 'Total World']","[{'entity': 'Total World', 'value': 379.8499999999999}, {'entity': 'China', 'value': 269.99999999999994}, {'entity': 'US', 'value': 45.0}, {'entity': 'Rest of World', 'value': 31.43}, {'entity': 'Australia', 'value': 13.0}]",True,True
Copper P-R,18,18,2.0,11,2014.0,2024.0,13,"['Australia', 'Chile', 'China', 'Democratic Republic of Congo', 'Indonesia', 'Peru', 'US', 'Rest of World', 'Total World', 'Sources: includes data from US Geological Survey and Kearney Energy Transition Institute']","[{'entity': 'Total World', 'value': 22610.0}, {'entity': 'Rest of World', 'value': 6610.0}, {'entity': 'Chile', 'value': 5300.0}, {'entity': 'Democratic Republic of Congo', 'value': 3300.0}, {'entity': 'Peru', 'value': 2600.0}]",True,True
Manganese P-R,16,18,2.0,11,2014.0,2024.0,12,"['Australia', 'China', 'Gabon', 'Ghana', 'India', 'South Africa', 'Rest of World', 'Total World', 'Sources: includes data from US Geological Survey and Kearney Energy Transition Institute', '^ less than 0.05']","[{'entity': 'Total World', 'value': 21050.0}, {'entity': 'South Africa', 'value': 7400.0}, {'entity': 'Gabon', 'value': 4600.0}, {'entity': 'Rest of World', 'value': 3860.0}, {'entity': 'Australia', 'value': 2800.0}]",True,True
Nickel P-R,18,19,2.0,12,2013.0,2024.0,13,"['Australia', 'Canada', 'China', 'Indonesia', 'New Caledonia', 'Philippines', 'Russian Federation', 'Rest of World', 'Total World', 'Sources: includes data from US Geological Survey and Kearney Energy Transition Institute']","[{'entity': 'Total World', 'value': 3822.904}, {'entity': 'Indonesia', 'value': 2200.0}, {'entity': 'Rest of World', 'value': 552.904}, {'entity': 'Philippines', 'value': 330.0}, {'entity': 'Russian Federation', 'value': 210.0}]",True,True
Zinc P-R,16,19,2.0,12,2013.0,2024.0,12,"['Australia', 'China', 'India', 'Mexico', 'Peru', 'US', 'Rest of World', 'Total World', 'Sources: includes data from US Geological Survey and Kearney Energy Transition Institute', '^ less than 0.05']","[{'entity': 'Total World', 'value': 11960.0}, {'entity': 'China', 'value': 4000.0}, {'entity': 'Rest of World', 'value': 3250.0}, {'entity': 'Peru', 'value': 1300.0}, {'entity': 'Australia', 'value': 1100.0}]",True,True
Platinum Group Metals P-R,16,18,2.0,11,2014.0,2024.0,12,"['Canada', 'Russia', 'South Africa', 'United States', 'Zimbabwe', 'Rest of World', 'Total World', 'Sources: includes data from US Geological Survey and Kearney Energy Transition Institute', '*Platinum and Palladium', '^ less than 0.05']","[{'entity': 'Total World', 'value': 358.0}, {'entity': 'South Africa', 'value': 192.0}, {'entity': 'Russia', 'value': 93.0}, {'entity': 'Zimbabwe', 'value': 34.0}, {'entity': 'Canada', 'value': 20.2}]",True,True
Bauxite P-R,18,18,2.0,11,2014.0,2024.0,14,"['Australia', 'Brazil', 'China', 'Guinea', 'India', 'Indonesia', 'Vietnam', 'Rest of World', 'Total World', 'Sources: includes data from US Geological Survey and Kearney Energy Transition Institute']","[{'entity': 'Total World', 'value': 450485.0}, {'entity': 'Guinea', 'value': 130000.0}, {'entity': 'Australia', 'value': 100000.0}, {'entity': 'China', 'value': 93000.0}, {'entity': 'Rest of World', 'value': 33285.0}]",True,True
Aluminium P-R,15,17,2.0,11,2014.0,2024.0,11,"['Australia', 'Canada', 'China', 'India', 'Russian Federation', 'United Arab Emirates', 'Rest of World', 'Total World', 'Sources: includes data from US Geological Survey and Kearney Energy Transition Institute', '^ less than 0.05']","[{'entity': 'Total World', 'value': 71620.0}, {'entity': 'China', 'value': 43000.0}, {'entity': 'Rest of World', 'value': 13120.0}, {'entity': 'India', 'value': 4200.0}, {'entity': 'Russian Federation', 'value': 3800.0}]",True,True
Tin P-R,18,18,2.0,11,2014.0,2024.0,14,"['Australia', 'Bolivia', 'Brazil', 'Burma', 'China', 'Democratic Republic of Congo', 'Indonesia', 'Rest of World', 'Total World', 'Sources: includes data from US Geological Survey and Kearney Energy Transition Institute']","[{'entity': 'Total World', 'value': 295.5}, {'entity': 'China', 'value': 69.0}, {'entity': 'Rest of World', 'value': 57.6}, {'entity': 'Indonesia', 'value': 50.0}, {'entity': 'Burma', 'value': 34.0}]",True,True
Vanadium P-R,16,18,2.0,11,2014.0,2024.0,12,"['Australia', 'Brazil', 'China', 'Russia', 'South Africa', 'Rest of World', 'Total World', 'Sources: includes data from US Geological Survey and Kearney Energy Transition Institute', '^ less than 0.05', '♦ less than 0.05%']","[{'entity': 'China', 'value': 70.0}, {'entity': 'Russia', 'value': 21.0}, {'entity': 'South Africa', 'value': 8.0}, {'entity': 'Rest of World', 'value': nan}, {'entity': 'Total World', 'value': 104.0}]",True,True
Mineral Commodity Prices,41,13,,0,,,0,[],[],False,False
Primary Energy Cons (old meth),122,64,2.0,60,1965.0,2024.0,110,"['Canada', 'Mexico', 'US', 'Total North America', 'Argentina', 'Brazil', 'Chile', 'Colombia', 'Ecuador', 'Peru']","[{'entity': 'Total World', 'value': 636.2535628094889}, {'entity': 'Non-OECD', 'value': 403.3697874740051}, {'entity': 'Total Asia Pacific', 'value': 301.49329360796474}, {'entity': 'of which: OECD', 'value': 232.88377533548373}, {'entity': 'China', 'value': 176.35355576314032}]",True,True
PE Cons by fuel (old meth) ,98,16,,0,,,0,[],[],False,False
Approximate conversion factors,57,12,,0,,,0,[],[],False,False
Definitions,70,12,,0,,,0,[],[],False,False
